{
  "route": "hydro",
  "collection": 0.9,
  "pack_mass_kg": 606.3035758550379,
  "lithium": 7.3600122836099136,
  "iron_cathode": 59.2162348333375,
  "phosphorus": 32.84361741392836,
  "copper": 61.357921876529836,
  "aluminium": 75.84857733946524,
  "aluminium_recyclable": 59.2842780730743,
  "steel": 118.59297943724542,
  "graphite": 85.97384705624438,
  "active_LiFePO4": 167.27915657840495,
  "oxygen": 67.85929204752918,
  "cell_mass_kg": 402.94722164151216,
  "li2co3_equiv": 39.17581527504828,
  "energy_processing_MJ": 50582.40483605056,
  "energy_assembly_MJ": 18285.41572658115,
  "energy_total_production_MJ": 68867.8205626317,
  "ghg_production_kg": 3529.450949232757,
  "ghg_total_kg": 4609.576856562666,
  "active_energy_mmBtu_per_ton": 108.6715795,
  "active_ghg_tCO2_per_ton": 7.980504720000001
}