material,M,F_u,F_r,C_u,C_r,E_cp,E_fp,C_fp,C_cp,E_ms,E_rfp,X
TOTAL_BATTERY_MASS,606.3035759,0,0,0,0,0,0,0,0,0,0,0
STL,118.5929794,0,0.95,0,0.9,0.815,0.85,0.5,0.5,0.99,0.95,1
Al,75.84857734,0,0.93,0,0.9,0.85,1,0.9,0.9,0.99,0.93,1
Cu,61.35792188,0,0.96,0,0.9,0.96,0.98,0.5,0.5,0.99,0.96,1
Li,7.360012284,0,0.91,0,0.9,1,0.62,0.5,0.5,0.99,0.91,1
Fe,59.21623483,0,0,0,0.9,1,0.9,0.5,0.5,0.99,0.9,1
P,32.84361741,0,0,0,0.9,1,0.9,0.5,0.5,0.99,0.9,1
